order,path,name
1,pics\shanxi\kongque.png,孔雀
2,pics\shanxi\gangqin.png,钢琴
3,pics\shanxi\lazhu.png,蜡烛
4,pics\shanxi\laoshu.png,老鼠
5,pics\shanxi\kuaizi.png,筷子
7,pics\shanxi\mifeng.png,蜜蜂
8,pics\shanxi\mogu.png,蘑菇
9,pics\shanxi\qie.png,企鹅
10,pics\shanxi\qingwa.png,青蛙
11,pics\shanxi\shafa.png,沙发
12,pics\shanxi\shaozi.png,勺子
13,pics\shanxi\tuzi.png,兔子
14,pics\shanxi\xiangjiao.png,香蕉
15,pics\shanxi\yanjing.png,眼镜
16,pics\shanxi\yaoshi.png,钥匙
17,pics\shanxi\zhizhu.png,蜘蛛
18,pics\shanxi\pingguo.png,苹果
19,pics\shanxi\mayi.png,蚂蚁
20,pics\shanxi\chuizi.png,锤子
21,pics\shanxi\bizi.png,鼻子
22,pics\shanxi\changcheng.png,长城
23,pics\shanxi\boluo.png,菠萝
24,pics\shanxi\huli.png,狐狸
25,pics\shanxi\hudie.png,蝴蝶
26,pics\shanxi\luotuo.png,骆驼
27,pics\shanxi\zhangpeng.png,帐篷
28,pics\shanxi\yumi.png,玉米
29,pics\shanxi\xiniu.png,犀牛
30,pics\shanxi\yashua.png,牙刷
